requirement,priority,phase,verification,components,design_elements,status
TOOL-AIF-010,M,P3,T,CMP-AIF,DSN-AIF-010,allocated
TOOL-AIF-020,M,P3,T,CMP-AIF,DSN-AIF-030,allocated
TOOL-AIF-030,M,P3,T,CMP-AIF,DSN-AIF-040,allocated
TOOL-AIF-040,M,P3,D,CMP-AIF,DSN-AIF-040,allocated
TOOL-AIF-050,M,P3,A,CMP-AIF,DSN-AIF-020,allocated
TOOL-AIF-060,S,P3,T,CMP-AIF,DSN-AIF-050,allocated
TOOL-AIF-070,M,P3,T,CMP-AIF,DSN-AIF-100,allocated
TOOL-AIF-080,M,P3,I,CMP-AIF,DSN-AIF-110,allocated
TOOL-AIF-090,M,P3,T,CMP-AIF,DSN-AIF-110,allocated
TOOL-AIF-100,M,P4,T,CMP-AIF,DSN-AIF-120,allocated
TOOL-AIF-110,S,P3,T,CMP-AIF,DSN-AIF-060,allocated
TOOL-AIF-120,S,P3,T,CMP-AIF,DSN-AIF-070,allocated
TOOL-AIF-130,C,P4,T,CMP-AIF,DSN-AIF-080,allocated
TOOL-AIF-140,C,P3,T,CMP-AIF,DSN-AIF-090,allocated
TOOL-AIF-150,M,P3,T,CMP-AIF,DSN-AIF-130,allocated
TOOL-AIF-160,S,P3,A,CMP-AIF,DSN-AIF-110,allocated
TOOL-AIF-170,M,P3,I,CMP-AIF,DSN-AIF-030,allocated
TOOL-AIF-180,M,P3,T,CMP-AIF,DSN-AIF-110,allocated
TOOL-AIF-190,M,P3,I,CMP-AIF,DSN-AIF-110,allocated
TOOL-AIF-200,S,P3,T,CMP-AIF,DSN-AIF-030,allocated
TOOL-AIF-210,M,P3,T,CMP-AIF,DSN-AIF-100,allocated
TOOL-ATG-010,S,P3,T,CMP-ATG,DSN-ATG-010,allocated
TOOL-ATG-020,S,P3,T,CMP-ATG,DSN-ATG-020,allocated
TOOL-ATG-030,C,P3,T,CMP-ATG,DSN-ATG-030,allocated
TOOL-ATG-040,M,P3,T,CMP-ATG,DSN-ATG-040,allocated
TOOL-ATG-050,M,P3,T,CMP-ATG,DSN-ATG-050,allocated
TOOL-ATG-060,M,P3,T,CMP-ATG,DSN-ATG-060,allocated
TOOL-ATG-070,M,P3,I,CMP-ATG,DSN-ATG-070,allocated
TOOL-ATG-080,M,P3,T,CMP-ATG,DSN-ATG-080,allocated
TOOL-ATG-090,S,P3,T,CMP-ATG,DSN-ATG-010,allocated
TOOL-ATG-100,S,P3,D,CMP-ATG,DSN-ATG-090,allocated
TOOL-ATG-110,S,P3,T,CMP-ATG,DSN-ATG-100,allocated
TOOL-CBT-010,M,P2,T,CMP-CBT,DSN-CBT-010,allocated
TOOL-CBT-020,S,P3,T,CMP-CBT,DSN-CBT-020,allocated
TOOL-CBT-030,S,P3,T,CMP-CBT,DSN-CBT-020,allocated
TOOL-CBT-040,M,P3,I,CMP-CBT,DSN-CBT-030,allocated
TOOL-CBT-050,S,P3,T,CMP-CBT,DSN-CBT-040,allocated
TOOL-CBT-060,S,P3,T,CMP-CBT,DSN-CBT-040,allocated
TOOL-CBT-070,S,P2,T,CMP-GEN,DSN-GEN-080,allocated
TOOL-CBT-080,C,P3,T,CMP-CBT,DSN-CBT-050,allocated
TOOL-CIC-010,M,P1,D,CMP-CLI,DSN-CLI-010,allocated
TOOL-CIC-020,M,P1,T,CMP-CLI,DSN-CLI-010,allocated
TOOL-CIC-030,M,P1,T,CMP-CLI,DSN-CLI-020,allocated
TOOL-CIC-040,M,P1,D,CMP-CLI,DSN-CLI-030,allocated
TOOL-CIC-050,S,P2,D,CMP-CLI,DSN-CLI-040,allocated
TOOL-CIC-060,S,P3,T,CMP-CLI,DSN-CLI-050,allocated
TOOL-CIC-070,S,P2,T,CMP-CLI,DSN-CLI-060,allocated
TOOL-CIC-080,S,P2,I,CMP-PRJ,DSN-PRJ-080,allocated
TOOL-COV-010,M,P1,T,CMP-COV,DSN-COV-010,allocated
TOOL-COV-020,M,P1,T,CMP-COV,DSN-COV-010,allocated
TOOL-COV-030,M,P3,T,CMP-COV,DSN-COV-010,allocated
TOOL-COV-040,S,P3,T,CMP-COV,DSN-COV-010,allocated
TOOL-COV-050,M,P3,T,CMP-COV,DSN-COV-020,allocated
TOOL-COV-060,M,P3,I,CMP-COV,DSN-COV-020,allocated
TOOL-COV-070,M,P3,T,CMP-COV,DSN-COV-030,allocated
TOOL-COV-080,M,P3,T,CMP-COV,DSN-COV-040,allocated
TOOL-COV-090,S,P4,T,CMP-COV,DSN-COV-020,allocated
TOOL-COV-100,M,P3,T,CMP-COV,DSN-COV-050,allocated
TOOL-COV-110,M,P1,T,CMP-COV,DSN-COV-060,allocated
TOOL-COV-120,M,P1,T,CMP-COV,DSN-COV-060,allocated
TOOL-COV-130,M,P1,T,CMP-COV,DSN-COV-070,allocated
TOOL-COV-140,S,P4,T,CMP-COV,DSN-COV-080,allocated
TOOL-COV-150,M,P3,I,CMP-COV,DSN-COV-080,allocated
TOOL-COV-160,S,P3,T,CMP-COV,DSN-COV-090,allocated
TOOL-COV-170,S,P4,T,CMP-COV,DSN-COV-100,allocated
TOOL-EXE-010,M,P1,T,CMP-BLD,DSN-BLD-010,allocated
TOOL-EXE-020,M,P1,T,CMP-EXH,DSN-EXH-010,allocated
TOOL-EXE-030,M,P1,T,CMP-EXH,DSN-EXH-020,allocated
TOOL-EXE-040,M,P1,T,CMP-EXH,DSN-EXH-030,allocated
TOOL-EXE-050,S,P1,T,CMP-EXH,DSN-EXH-040,allocated
TOOL-EXE-060,M,P1,T,CMP-EXH,DSN-EXH-050,allocated
TOOL-EXE-070,S,P2,T,CMP-EXH,DSN-EXH-060,allocated
TOOL-EXE-080,S,P1,T,CMP-BLD,DSN-BLD-020,allocated
TOOL-EXE-090,S,P2,T,CMP-BLD,DSN-BLD-040,allocated
TOOL-HAR-010,M,P2,T,CMP-GEN,DSN-GEN-010,allocated
TOOL-HAR-020,M,P2,T,CMP-GEN,DSN-GEN-010,allocated
TOOL-HAR-030,S,P2,T,CMP-GEN,DSN-GEN-020,allocated
TOOL-HAR-040,M,P2,T,CMP-GEN,DSN-GEN-020,allocated
TOOL-HAR-050,M,P2,T,CMP-GEN,DSN-GEN-030,allocated
TOOL-HAR-060,M,P2,T,CMP-GEN,DSN-GEN-040,allocated
TOOL-HAR-065,C,P3,T,CMP-GEN,DSN-GEN-040,allocated
TOOL-HAR-070,S,P2,A,CMP-GEN,DSN-GEN-040,allocated
TOOL-HAR-080,M,P2,T,CMP-GEN,DSN-GEN-050,allocated
TOOL-HAR-090,M,P2,I,CMP-GEN,DSN-GEN-060,allocated
TOOL-HAR-100,M,P2,T,CMP-GEN,DSN-GEN-070,allocated
TOOL-HAR-110,S,P2,T,CMP-GEN,DSN-GEN-080,allocated
TOOL-HAR-120,M,P2,T,CMP-GEN,DSN-GEN-090,allocated
TOOL-ING-010,M,P1,T,CMP-ING,DSN-ING-010,allocated
TOOL-ING-020,M,P1,T,CMP-ING,DSN-ING-010,allocated
TOOL-ING-030,M,P1,T,CMP-ING,DSN-ING-010,allocated
TOOL-ING-040,M,P1,D,CMP-ING,DSN-ING-020,allocated
TOOL-ING-050,S,P2,D,CMP-ING,DSN-ING-020,allocated
TOOL-ING-060,S,P2,T,CMP-ING,DSN-ING-030,allocated
TOOL-ING-070,S,P2,T,CMP-ING,DSN-ING-050,allocated
TOOL-ING-080,C,P2,T,CMP-ING,DSN-ING-040,allocated
TOOL-ING-090,S,P2,T,CMP-ING,DSN-ING-060,allocated
TOOL-ING-100,S,P2,T,CMP-ING,DSN-ING-060,allocated
TOOL-ING-110,C,P3,T,CMP-ING,DSN-ING-070,allocated
TOOL-ING-120,M,P2,T,CMP-ING,DSN-ING-030,allocated
TOOL-ING-130,M,P2,T,CMP-ING,DSN-ING-080,allocated
TOOL-ING-140,M,P2,T,CMP-ING,DSN-ING-090,allocated
TOOL-ING-150,M,P2,T,CMP-ING,DSN-ING-080,allocated
TOOL-ING-160,S,P2,T,CMP-ING,DSN-ING-100,allocated
TOOL-ING-170,S,P2,T,CMP-ING,DSN-ING-110,allocated
TOOL-ING-180,S,P2,T,CMP-ING,DSN-ING-090,allocated
TOOL-ING-190,S,P2,I,CMP-ING,DSN-ING-080,allocated
TOOL-INS-010,M,P2,D,CMP-PKG,DSN-PKG-010,allocated
TOOL-INS-020,M,P2,D,CMP-PKG,DSN-PKG-020,allocated
TOOL-INS-030,M,P2,D,CMP-PKG,DSN-PKG-010,allocated
TOOL-INS-040,M,P2,I,CMP-PKG,DSN-PKG-030,allocated
TOOL-INS-050,M,P2,T,CMP-PKG,DSN-PKG-040,allocated
TOOL-INS-060,M,P2,T,CMP-PKG,DSN-PKG-050,allocated
TOOL-INS-070,M,P2,D,CMP-PKG,DSN-PKG-060,allocated
TOOL-INS-080,M,P2,T,CMP-TCH,DSN-TCH-080,allocated
TOOL-INS-090,S,P2,D,CMP-PKG,DSN-PKG-070,allocated
TOOL-INS-100,S,P3,D,CMP-PKG,DSN-PKG-080,allocated
TOOL-INS-110,M,P2,T,CMP-CORE,DSN-CORE-100,allocated
TOOL-LIC-010,M,P1,I,CMP-PKG,DSN-PKG-090,allocated
TOOL-LIC-020,M,P1,I,CMP-PKG,DSN-PKG-090,allocated
TOOL-LIC-030,M,P1,I,CMP-SEC,DSN-SEC-020,allocated
TOOL-LIC-040,M,P2,I,CMP-PKG,DSN-PKG-100,allocated
TOOL-LIC-050,M,P2,I,CMP-PKG,DSN-PKG-110,allocated
TOOL-LIC-060,S,P2,I,CMP-PKG,DSN-PKG-120,allocated
TOOL-LIC-070,S,P3,I,CMP-PKG,DSN-PKG-130,allocated
TOOL-MIG-010,M,P2,T,CMP-MIG,DSN-MIG-010,allocated
TOOL-MIG-020,S,P2,T,CMP-MIG,DSN-MIG-020,allocated
TOOL-MIG-030,S,P3,T,CMP-MIG,DSN-MIG-030,allocated
TOOL-MIG-040,M,P3,T,CMP-MIG,DSN-MIG-040,allocated
TOOL-MIG-050,S,P3,T,CMP-MIG,DSN-MIG-050,allocated
TOOL-MIG-060,M,P2,T,CMP-TCM,DSN-TCM-070,allocated
TOOL-MIG-070,S,P3,T,CMP-MIG,DSN-MIG-060,allocated
TOOL-MIG-080,S,P4,T,CMP-REP,DSN-REP-030,allocated
TOOL-MIG-090,C,P4,T,CMP-MIG,DSN-MIG-070,allocated
TOOL-MIG-100,M,P2,I,CMP-MIG,DSN-MIG-080,allocated
TOOL-NFR-010,M,P1,T,CMP-CORE,DSN-CORE-070,allocated
TOOL-NFR-020,S,P2,T,CMP-CORE,DSN-CORE-070,allocated
TOOL-NFR-030,M,P2,D,CMP-CORE,DSN-CORE-130,allocated
TOOL-NFR-040,S,P2,D,CMP-CORE,DSN-CORE-130,allocated
TOOL-NFR-050,M,P2,A,CMP-CORE,DSN-CORE-050,allocated
TOOL-NFR-060,M,P1,A,CMP-CORE,DSN-CORE-010,allocated
TOOL-NFR-070,M,P1,I,CMP-CORE,DSN-CORE-060,allocated
TOOL-NFR-080,M,P1,I,CMP-CORE,DSN-CORE-060,allocated
TOOL-NFR-090,M,P2,T,CMP-CORE,DSN-CORE-020,allocated
TOOL-NFR-100,M,P2,I,CMP-CORE,DSN-CORE-090,allocated
TOOL-NFR-110,S,P2,I,CMP-PKG,DSN-PKG-020,allocated
TOOL-NFR-120,M,P2,I,CMP-CORE,DSN-CORE-110,allocated
TOOL-NFR-130,S,P2,T,CMP-CORE,DSN-CORE-030,allocated
TOOL-NFR-140,M,P2,A,CMP-CORE,DSN-CORE-120,allocated
TOOL-NFR-150,S,P2,D,CMP-CORE,DSN-CORE-050,allocated
TOOL-NFR-160,M,P2,T,CMP-CORE,DSN-CORE-030,allocated
TOOL-NFR-170,S,P3,D,CMP-CORE,DSN-CORE-120,allocated
TOOL-NFR-180,M,P2,T,CMP-CORE,DSN-CORE-040,allocated
TOOL-NFR-190,S,P2,I,CMP-CORE,DSN-CORE-080,allocated
TOOL-PAR-010,M,P2,T,CMP-ANA,DSN-ANA-010,allocated
TOOL-PAR-020,M,P2,T,CMP-ANA,DSN-ANA-010,allocated
TOOL-PAR-030,M,P2,T,CMP-ANA,DSN-ANA-020,allocated
TOOL-PAR-040,M,P2,T,CMP-ANA,DSN-ANA-020,allocated
TOOL-PAR-050,M,P2,T,CMP-ANA,DSN-ANA-020,allocated
TOOL-PAR-060,M,P2,T,CMP-ANA,DSN-ANA-030,allocated
TOOL-PAR-070,S,P2,T,CMP-ANA,DSN-ANA-040,allocated
TOOL-PAR-080,S,P2,T,CMP-ANA,DSN-ANA-050,allocated
TOOL-PAR-090,S,P2,T,CMP-ANA,DSN-ANA-060,allocated
TOOL-PAR-100,M,P2,T,CMP-ANA,DSN-ANA-070,allocated
TOOL-PAR-110,S,P2,A,CMP-ANA,DSN-ANA-070,allocated
TOOL-PAR-120,C,P3,T,CMP-ANA,DSN-ANA-080,allocated
TOOL-PAR-130,S,P2,T,CMP-ANA,DSN-ANA-090,allocated
TOOL-PLG-010,M,P2,A,CMP-PLG,DSN-PLG-010,allocated
TOOL-PLG-020,M,P2,T,CMP-TCH,DSN-TCH-010,allocated
TOOL-PLG-030,M,P2,T,CMP-GEN,DSN-GEN-040,allocated
TOOL-PLG-040,S,P3,T,CMP-EXT,DSN-EXT-010,allocated
TOOL-PLG-050,S,P3,T,CMP-REP,DSN-REP-010,allocated
TOOL-PLG-060,M,P2,I,CMP-API,DSN-API-020,allocated
TOOL-PLG-070,S,P3,T,CMP-PLG,DSN-PLG-020,allocated
TOOL-PLG-080,M,P3,D,CMP-PLG,DSN-PLG-030,allocated
TOOL-PLG-090,S,P3,I,CMP-PLG,DSN-PLG-040,allocated
TOOL-PRJ-010,M,P2,I,CMP-PRJ,DSN-PRJ-010,allocated
TOOL-PRJ-020,M,P2,I,CMP-PRJ,DSN-PRJ-010,allocated
TOOL-PRJ-030,M,P2,T,CMP-PRJ,DSN-PRJ-020,allocated
TOOL-PRJ-040,M,P2,T,CMP-PRJ,DSN-PRJ-020,allocated
TOOL-PRJ-050,M,P2,T,CMP-CORE CMP-PRJ,DSN-CORE-010 DSN-PRJ-030,allocated
TOOL-PRJ-060,M,P2,T,CMP-PRJ,DSN-PRJ-030,allocated
TOOL-PRJ-070,M,P2,I,CMP-PRJ,DSN-PRJ-040,allocated
TOOL-PRJ-080,M,P2,I,CMP-CORE,DSN-CORE-060,allocated
TOOL-PRJ-090,S,P3,T,CMP-PRJ,DSN-PRJ-050,allocated
TOOL-PRJ-100,M,P4,T,CMP-PRJ,DSN-PRJ-060,allocated
TOOL-PRJ-110,S,P4,T,CMP-PRJ,DSN-PRJ-070,allocated
TOOL-QUA-010,M,P4,I,CMP-QUA,DSN-QUA-010,allocated
TOOL-QUA-020,M,P4,I,CMP-QUA,DSN-QUA-020,allocated
TOOL-QUA-030,M,P4,I,CMP-QUA,DSN-QUA-030,allocated
TOOL-QUA-040,M,P4,I,CMP-QUA,DSN-QUA-040,allocated
TOOL-QUA-050,M,P4,I,CMP-PKG,DSN-PKG-030,allocated
TOOL-QUA-060,M,P4,T,CMP-CORE,DSN-CORE-100,allocated
TOOL-QUA-070,S,P4,I,CMP-QUA,DSN-QUA-050,allocated
TOOL-QUA-080,S,P4,I,CMP-QUA,DSN-QUA-060,allocated
TOOL-QUA-090,M,P4,I,CMP-QUA,DSN-QUA-070,allocated
TOOL-QUA-100,C,P4,I,CMP-QUA,DSN-QUA-080,allocated
TOOL-REP-010,M,P1,T,CMP-REP,DSN-REP-020,allocated
TOOL-REP-020,M,P1,T,CMP-REP,DSN-REP-030,allocated
TOOL-REP-030,M,P1,T,CMP-REP,DSN-REP-040,allocated
TOOL-REP-040,M,P2,T,CMP-REP,DSN-REP-040,allocated
TOOL-REP-050,M,P3,T,CMP-REP,DSN-REP-040,allocated
TOOL-REP-060,M,P4,T,CMP-REP,DSN-REP-050,allocated
TOOL-REP-070,M,P4,I,CMP-REP,DSN-REP-060,allocated
TOOL-REP-080,M,P4,T,CMP-REP,DSN-REP-070,allocated
TOOL-REP-090,S,P2,A,CMP-REP,DSN-REP-010,allocated
TOOL-REP-100,M,P2,T,CMP-REP,DSN-REP-080,allocated
TOOL-REP-110,S,P3,T,CMP-REP,DSN-REP-090,allocated
TOOL-REP-120,S,P4,T,CMP-REP,DSN-REP-100,allocated
TOOL-REP-130,M,P4,I,CMP-REP,DSN-REP-110,allocated
TOOL-REP-140,M,P4,T,CMP-REP,DSN-REP-120,allocated
TOOL-REP-150,S,P4,T,CMP-REP,DSN-REP-130,allocated
TOOL-SEC-010,M,P2,I,CMP-SEC,DSN-SEC-010,allocated
TOOL-SEC-020,M,P2,I,CMP-SEC,DSN-SEC-020,allocated
TOOL-SEC-030,M,P2,D,CMP-SEC,DSN-SEC-030,allocated
TOOL-SEC-040,M,P2,I,CMP-SEC,DSN-SEC-020,allocated
TOOL-SEC-050,M,P2,D,CMP-SEC,DSN-SEC-040,allocated
TOOL-SEC-060,S,P3,T,CMP-SEC,DSN-SEC-050,allocated
TOOL-SEC-070,M,P2,T,CMP-SEC,DSN-SEC-060,allocated
TOOL-SEC-080,M,P2,I,CMP-SEC,DSN-SEC-070,allocated
TOOL-SEC-090,M,P3,T,CMP-SEC,DSN-SEC-080,allocated
TOOL-SEC-100,S,P3,I,CMP-SEC,DSN-SEC-090,allocated
TOOL-SEC-110,M,P3,T,CMP-SEC,DSN-SEC-100,allocated
TOOL-SEC-120,M,P2,T,CMP-SEC,DSN-SEC-110,allocated
TOOL-STB-010,M,P2,T,CMP-GEN,DSN-GEN-100,allocated
TOOL-STB-020,M,P2,T,CMP-GEN,DSN-GEN-100,allocated
TOOL-STB-030,M,P2,T,CMP-GEN,DSN-GEN-100,allocated
TOOL-STB-040,M,P2,T,CMP-GEN,DSN-GEN-110,allocated
TOOL-STB-050,M,P2,T,CMP-GEN,DSN-GEN-120,allocated
TOOL-STB-060,S,P2,T,CMP-GEN,DSN-GEN-120,allocated
TOOL-STB-070,M,P2,T,CMP-GEN,DSN-GEN-110,allocated
TOOL-STB-080,M,P2,T,CMP-GEN,DSN-GEN-130,allocated
TOOL-STB-090,S,P3,T,CMP-GEN,DSN-GEN-140,allocated
TOOL-STB-100,S,P2,T,CMP-GEN,DSN-GEN-130,allocated
TOOL-STB-110,M,P2,T,CMP-GEN,DSN-GEN-070,allocated
TOOL-STB-120,M,P2,T,CMP-GEN,DSN-GEN-070,allocated
TOOL-STB-130,S,P2,T,CMP-GEN,DSN-GEN-150,allocated
TOOL-STB-140,S,P2,T,CMP-GEN,DSN-GEN-160,allocated
TOOL-TCD-010,M,P1,T,CMP-TCM,DSN-TCM-010,allocated
TOOL-TCD-020,M,P2,T,CMP-TCM,DSN-TCM-020,allocated
TOOL-TCD-030,M,P2,I,CMP-TCM,DSN-TCM-020,allocated
TOOL-TCD-040,M,P2,T,CMP-TCM,DSN-TCM-020,allocated
TOOL-TCD-050,M,P2,T,CMP-TCM,DSN-TCM-030,allocated
TOOL-TCD-060,M,P2,T,CMP-TCM,DSN-TCM-030,allocated
TOOL-TCD-070,S,P2,T,CMP-TCM,DSN-TCM-040,allocated
TOOL-TCD-080,S,P2,T,CMP-TCM,DSN-TCM-050,allocated
TOOL-TCD-090,M,P2,A,CMP-TCM,DSN-TCM-060,allocated
TOOL-TCD-100,S,P2,T,CMP-TCM,DSN-TCM-070,allocated
TOOL-TCD-110,S,P3,T,CMP-TCM,DSN-TCM-080,allocated
TOOL-TCD-120,C,P3,T,CMP-TCM,DSN-TCM-090,allocated
TOOL-TCD-130,S,P2,T,CMP-TCM,DSN-TCM-100,allocated
TOOL-TCD-140,M,P2,T,CMP-TCM,DSN-TCM-110,allocated
TOOL-TCH-010,M,P1,T,CMP-TCH,DSN-TCH-020,allocated
TOOL-TCH-020,M,P1,T,CMP-TCH,DSN-TCH-010,allocated
TOOL-TCH-030,M,P3,T,CMP-TCH,DSN-TCH-030,allocated
TOOL-TCH-040,S,P3,T,CMP-TCH,DSN-TCH-010,allocated
TOOL-TCH-050,S,P3,I,CMP-TCH,DSN-TCH-030,allocated
TOOL-TCH-060,M,P3,T,CMP-TCH,DSN-TCH-040,allocated
TOOL-TCH-070,M,P3,T,CMP-TCH,DSN-TCH-050,allocated
TOOL-TCH-080,S,P3,T,CMP-TCH,DSN-TCH-060,allocated
TOOL-TCH-090,S,P3,D,CMP-TCH,DSN-TCH-070,allocated
TOOL-TCH-100,C,P3,T,CMP-TCH,DSN-TCH-030,allocated
TOOL-TGT-010,M,P3,T,CMP-BLD,DSN-BLD-030,allocated
TOOL-TGT-020,M,P3,T,CMP-EXT,DSN-EXT-020,allocated
TOOL-TGT-030,M,P3,T,CMP-EXT,DSN-EXT-030,allocated
TOOL-TGT-040,M,P3,T,CMP-EXT,DSN-EXT-030,allocated
TOOL-TGT-050,M,P3,T,CMP-EXT,DSN-EXT-040,allocated
TOOL-TGT-060,M,P3,A,CMP-EXT,DSN-EXT-050,allocated
TOOL-TGT-070,M,P3,T,CMP-EXT,DSN-EXT-060,allocated
TOOL-TGT-080,S,P3,D,CMP-EXT,DSN-EXT-010,allocated
TOOL-TGT-090,S,P3,T,CMP-EXT,DSN-EXT-070,allocated
TOOL-TGT-100,S,P3,T,CMP-EXT,DSN-EXT-080,allocated
TOOL-TGT-110,M,P3,A,CMP-EXT,DSN-EXT-090,allocated
TOOL-TGT-120,C,P3,T,CMP-EXT,DSN-EXT-100,allocated
TOOL-TRC-010,M,P4,T,CMP-TRC,DSN-TRC-010,allocated
TOOL-TRC-020,M,P4,T,CMP-TRC,DSN-TRC-020,allocated
TOOL-TRC-030,M,P4,T,CMP-TRC,DSN-TRC-020,allocated
TOOL-TRC-040,M,P4,T,CMP-TRC,DSN-TRC-030,allocated
TOOL-TRC-050,S,P4,T,CMP-TRC,DSN-TRC-040,allocated
TOOL-TRC-060,S,P4,T,CMP-TRC,DSN-TRC-040,allocated
TOOL-TRC-070,S,P4,T,CMP-TRC,DSN-TRC-050,allocated
TOOL-TRC-080,S,P4,T,CMP-TRC,DSN-TRC-060,allocated
TOOL-TRC-090,S,P4,T,CMP-TRC,DSN-TRC-070,allocated
TOOL-TRC-100,C,P4,T,CMP-TRC,DSN-TRC-080,allocated
TOOL-UIX-010,M,P1,A,CMP-API,DSN-API-010,allocated
TOOL-UIX-020,M,P2,A,CMP-API,DSN-API-020,allocated
TOOL-UIX-030,M,P2,D,CMP-GUI,DSN-GUI-010,allocated
TOOL-UIX-040,M,P2,I,CMP-GUI,DSN-GUI-010,allocated
TOOL-UIX-050,M,P2,T,CMP-API,DSN-API-030,allocated
TOOL-UIX-060,M,P2,T,CMP-GUI,DSN-GUI-020,allocated
TOOL-UIX-070,M,P2,T,CMP-GUI,DSN-GUI-030,allocated
TOOL-UIX-080,M,P2,T,CMP-GUI,DSN-GUI-030,allocated
TOOL-UIX-090,M,P2,T,CMP-GUI,DSN-GUI-040,allocated
TOOL-UIX-100,S,P2,T,CMP-GUI,DSN-GUI-050,allocated
TOOL-UIX-110,M,P2,T,CMP-GUI,DSN-GUI-060,allocated
TOOL-UIX-120,M,P2,T,CMP-GUI,DSN-GUI-060,allocated
TOOL-UIX-130,M,P2,T,CMP-GUI,DSN-GUI-060,allocated
TOOL-UIX-140,S,P2,T,CMP-GUI,DSN-GUI-070,allocated
TOOL-UIX-150,M,P3,T,CMP-GUI,DSN-GUI-080,allocated
TOOL-UIX-160,M,P3,T,CMP-GUI,DSN-GUI-080,allocated
TOOL-UIX-170,M,P3,T,CMP-GUI,DSN-GUI-080,allocated
TOOL-UIX-180,M,P3,T,CMP-GUI,DSN-GUI-090,allocated
TOOL-UIX-190,S,P3,T,CMP-GUI,DSN-GUI-100,allocated
TOOL-UIX-200,S,P3,T,CMP-GUI,DSN-GUI-110,allocated
TOOL-UIX-210,M,P2,T,CMP-GUI,DSN-GUI-120,allocated
TOOL-UIX-220,M,P2,T,CMP-GUI,DSN-GUI-130,allocated
TOOL-UIX-230,M,P3,T,CMP-GUI,DSN-GUI-140,allocated
TOOL-UIX-240,S,P2,T,CMP-API,DSN-API-040,allocated
TOOL-UIX-250,M,P2,T,CMP-GUI,DSN-GUI-150,allocated
TOOL-UIX-260,M,P3,T,CMP-GUI,DSN-GUI-160,allocated
TOOL-UIX-270,S,P3,T,CMP-GUI,DSN-GUI-170,allocated
TOOL-UIX-280,M,P2,T,CMP-GUI,DSN-GUI-180,allocated
TOOL-UIX-290,S,P4,T,CMP-GUI,DSN-GUI-190,allocated
TOOL-UIX-300,M,P4,T,CMP-GUI,DSN-GUI-200,allocated
TOOL-UIX-310,S,P4,T,CMP-GUI,DSN-GUI-210,allocated
TOOL-UIX-320,M,P1,I,CMP-PRJ,DSN-PRJ-080,allocated
TOOL-UIX-330,M,P2,T,CMP-API,DSN-API-040,allocated
TOOL-UIX-340,M,P2,T,CMP-GUI,DSN-GUI-220,allocated
TOOL-UIX-350,M,P2,I,CMP-GUI,DSN-GUI-230,allocated
TOOL-UIX-360,S,P2,D,CMP-GUI,DSN-GUI-240,allocated
TOOL-UIX-370,S,P3,T,CMP-GUI,DSN-GUI-250,allocated
TOOL-UIX-380,C,P4,T,CMP-GUI,DSN-GUI-260,allocated
TOOL-UIX-390,F,—,—,,,out-of-scope
TOOL-UIX-400,F,—,—,,,out-of-scope
